split,samples,exact_acc,cer,char_acc,refine_iters,decode_ar
val_before_finetune_refine_0,397,0.32997481108312343,0.33813169984686064,0.6618683001531394,0,True
val_before_finetune_refine_1,397,0.327455919395466,0.33874425727411944,0.6612557427258805,1,True
val_before_finetune_refine_2,397,0.327455919395466,0.33813169984686064,0.6618683001531394,2,True
val_before_finetune_refine_3,397,0.327455919395466,0.33813169984686064,0.6618683001531394,3,True
