plate_type,source_name,samples,exact_acc,cer,char_acc
blue,color_filtered,1,1.0,0.0,1.0
ngoaigiao,ngoaigiao,5,1.0,0.0,1.0
other,color_filtered,355,0.9295774647887324,0.010723860589812333,0.9892761394101877
quandoi,quandoi,38,0.868421052631579,0.02666666666666667,0.9733333333333334
yellow,color_filtered,12,0.6666666666666666,0.041666666666666664,0.9583333333333334
