plate_type,source_name,samples,exact_acc,cer,char_acc
blue,color_filtered,1,1.0,0.0,1.0
ngoaigiao,ngoaigiao,3,1.0,0.0,1.0
other,color_filtered,355,0.9352112676056338,0.011413225914736489,0.9885867740852635
quandoi,quandoi,26,0.8461538461538461,0.02564102564102564,0.9743589743589743
yellow,color_filtered,12,0.8333333333333334,0.11458333333333333,0.8854166666666666
