split,samples,exact_acc,cer,char_acc,refine_iters,decode_ar
test_after_finetune_refine_0,411,0.9172749391727494,0.012507444907683145,0.9874925550923168,0,True
test_after_finetune_refine_1,411,0.9172749391727494,0.011614055985705777,0.9883859440142942,1,True
test_after_finetune_refine_2,411,0.9197080291970803,0.011316259678379988,0.98868374032162,2,True
test_after_finetune_refine_3,411,0.9197080291970803,0.011316259678379988,0.98868374032162,3,True
