split,samples,exact_acc,cer,char_acc,refine_iters,decode_ar
val_after_finetune_refine_0,397,0.9269521410579346,0.015007656967840736,0.9849923430321592,0,True
val_after_finetune_refine_1,397,0.9269521410579346,0.013782542113323124,0.9862174578866769,1,True
val_after_finetune_refine_2,397,0.9269521410579346,0.013476263399693721,0.9865237366003062,2,True
val_after_finetune_refine_3,397,0.9269521410579346,0.013476263399693721,0.9865237366003062,3,True
