split,samples,exact_acc,cer,char_acc,refine_iters,decode_ar
val_before_finetune_refine_0,948,0.22362869198312235,0.3968313843832516,0.6031686156167484,0,True
val_before_finetune_refine_1,948,0.22151898734177214,0.39746007795800326,0.6025399220419967,1,True
val_before_finetune_refine_2,948,0.22151898734177214,0.3978372941028543,0.6021627058971457,2,True
val_before_finetune_refine_3,948,0.22151898734177214,0.3978372941028543,0.6021627058971457,3,True
