plate_type,source_name,samples,exact_acc,cer,char_acc
blue,icpr_color_filtered,1,1.0,0.0,1.0
ngoaigiao,ngoaigiao,3,1.0,0.0,1.0
normal,vietnam_normal,551,0.9673321234119783,0.0040529010238907846,0.9959470989761092
other,icpr_color_filtered,355,0.9605633802816902,0.005370929842228936,0.994629070157771
quandoi,quandoi,26,0.8461538461538461,0.02564102564102564,0.9743589743589743
yellow,icpr_color_filtered,12,0.8333333333333334,0.052083333333333336,0.9479166666666666
