split,samples,exact_acc,cer,char_acc,refine_iters,decode_ar
val_after_finetune_refine_0,948,0.9588607594936709,0.006035458317615994,0.993964541682384,0,True
val_after_finetune_refine_1,948,0.959915611814346,0.005532503457814661,0.9944674965421854,1,True
val_after_finetune_refine_2,948,0.959915611814346,0.005658242172764994,0.994341757827235,2,True
val_after_finetune_refine_3,948,0.959915611814346,0.006035458317615994,0.993964541682384,3,True
