plate_type,source_name,samples,exact_acc,cer,char_acc
blue,color_filtered,1,1.0,0.0,1.0
ngoaigiao,ngoaigiao,5,1.0,0.0,1.0
other,color_filtered,358,0.9189944134078212,0.012948207171314742,0.9870517928286853
quandoi,quandoi,38,0.868421052631579,0.035555555555555556,0.9644444444444444
yellow,color_filtered,12,0.8333333333333334,0.020833333333333332,0.9791666666666666
