plate_type,source_name,samples,exact_acc,cer,char_acc
blue,color_filtered,1,1.0,0.0,1.0
ngoaigiao,ngoaigiao,3,1.0,0.0,1.0
other,color_filtered,358,0.9301675977653632,0.013266998341625208,0.9867330016583747
quandoi,quandoi,26,0.8461538461538461,0.02564102564102564,0.9743589743589743
yellow,color_filtered,12,0.9166666666666666,0.010309278350515464,0.9896907216494846
