split,samples,exact_acc,cer,char_acc,refine_iters,decode_ar
test_after_finetune_refine_0,414,0.9130434782608695,0.014471352628470172,0.9855286473715298,0,True
test_after_finetune_refine_1,414,0.9154589371980676,0.01299468399291199,0.987005316007088,1,True
test_after_finetune_refine_2,414,0.9154589371980676,0.013290017720023627,0.9867099822799764,2,True
test_after_finetune_refine_3,414,0.9154589371980676,0.013290017720023627,0.9867099822799764,3,True
